{
  "siteUrl": "http://localhost:8882",
  "phpVersion": "8.3",
  "wordpressVersion": "6.8.2",
  "plugins": [
    {
      "name": "akismet",
      "status": "inactive",
      "version": "5.5"
    },
    {
      "name": "fakerpress",
      "status": "active",
      "version": "0.8.0"
    }
  ],
  "themes": [
    {
      "name": "twentytwentyfive",
      "status": "active",
      "version": "1.3"
    },
    {
      "name": "twentytwentyfour",
      "status": "inactive",
      "version": "1.3"
    },
    {
      "name": "twentytwentythree",
      "status": "inactive",
      "version": "1.6"
    }
  ]
}